Trade History Report;;;;;;;;;;;;;;
Time;Position;Symbol;Type;Volume;Price;S / L;T / P;Time;Price;Commission;Swap;Profit;;
2024.12.03 07:37:04;51872540744;XAUUSD;sell;0.1;2 638,20;2 639,20;2 637,20;2024.12.03 07:38:23;2 639,20;0,00;0,00;- 10,00;;
2024.12.03 07:38:02;51872543079;XAUUSD;sell;0.1;2 638,38;2 639,38;2 637,38;2024.12.03 07:38:26;2 639,38;0,00;0,00;- 10,00;;
2024.12.03 07:38:34;51872545544;XAUUSD;buy;0.1;2 639,44;2 638,44;2 640,44;2024.12.03 07:42:14;2 640,44;0,00;0,00; 10,00;;
2024.12.03 07:39:07;51872547622;XAUUSD;buy;0.1;2 639,76;2 638,76;2 640,76;2024.12.03 07:48:45;2 640,76;0,00;0,00; 10,00;;
2024.12.03 07:39:32;51872549657;XAUUSD;sell;0.1;2 639,73;2 640,73;2 638,73;2024.12.03 07:48:38;2 640,73;0,00;0,00;- 10,00;;
2024.12.03 07:39:40;51872549921;XAUUSD;buy;0.1;2 639,99;2 638,99;2 640,99;2024.12.03 07:45:22;2 638,99;0,00;0,00;- 10,00;;
2024.12.03 07:40:12;51872552527;XAUUSD;sell;0.1;2 639,85;2 640,85;2 638,85;2024.12.03 07:48:41;2 640,85;0,00;0,00;- 10,00;;
2024.12.03 07:40:44;51872554268;XAUUSD;sell;0.1;2 639,83;2 640,83;2 638,83;2024.12.03 07:48:41;2 640,83;0,00;0,00;- 10,00;;
2024.12.03 07:41:09;51872555675;XAUUSD;buy;0.1;2 640,18;2 639,18;2 641,18;2024.12.03 07:45:20;2 639,18;0,00;0,00;- 10,00;;
2024.12.03 07:41:17;51872556419;XAUUSD;buy;0.1;2 640,44;2 639,44;2 641,44;2024.12.03 07:44:27;2 639,44;0,00;0,00;- 10,00;;
2024.12.03 07:43:10;51872563459;XAUUSD;sell;0.1;2 639,99;2 640,99;2 638,99;2024.12.03 07:48:45;2 640,99;0,00;0,00;- 10,00;;
2024.12.03 07:43:42;51872564756;XAUUSD;buy;0.1;2 640,39;2 639,39;2 641,39;2024.12.03 07:44:27;2 639,39;0,00;0,00;- 10,00;;
2024.12.03 07:43:50;51872565193;XAUUSD;sell;0.1;2 640,30;2 641,30;2 639,30;2024.12.03 07:45:20;2 639,30;0,00;0,00; 10,00;;
2024.12.03 07:44:07;51872566108;XAUUSD;sell;0.1;2 640,00;2 641,00;2 639,00;2024.12.03 07:48:45;2 641,00;0,00;0,00;- 10,00;;
2024.12.03 07:44:15;51872566717;XAUUSD;sell;0.1;2 639,78;2 640,78;2 638,78;2024.12.03 07:48:41;2 640,78;0,00;0,00;- 10,00;;
2024.12.03 07:44:23;51872567375;XAUUSD;sell;0.1;2 639,50;2 640,50;2 638,50;2024.12.03 07:47:44;2 640,50;0,00;0,00;- 10,00;;
2024.12.03 07:44:31;51872567849;XAUUSD;sell;0.1;2 639,44;2 640,44;2 638,44;2024.12.03 07:47:19;2 640,44;0,00;0,00;- 10,00;;
2024.12.03 07:44:40;51872568310;XAUUSD;buy;0.1;2 639,73;2 638,73;2 640,73;2024.12.03 07:48:41;2 640,73;0,00;0,00; 10,00;;
2024.12.03 07:45:20;51872570005;XAUUSD;sell;0.1;2 639,36;2 640,36;2 638,36;2024.12.03 07:47:17;2 640,36;0,00;0,00;- 10,00;;
2024.12.03 07:45:28;51872570523;XAUUSD;sell;0.1;2 639,29;2 640,29;2 638,29;2024.12.03 07:47:15;2 640,29;0,00;0,00;- 10,00;;
2024.12.03 07:46:17;51872573106;XAUUSD;sell;0.1;2 639,31;2 640,31;2 638,31;2024.12.03 07:47:16;2 640,31;0,00;0,00;- 10,00;;
2024.12.03 07:46:50;51872574031;XAUUSD;buy;0.1;2 639,91;2 638,91;2 640,91;2024.12.03 07:49:00;2 640,91;0,00;0,00; 10,00;;
2024.12.03 07:47:23;51872575563;XAUUSD;buy;0.1;2 640,35;2 639,35;2 641,35;2024.12.03 07:54:07;2 641,35;0,00;0,00; 10,00;;
2024.12.03 07:47:48;51872576484;XAUUSD;buy;0.1;2 640,53;2 639,53;2 641,53;2024.12.03 07:55:38;2 641,53;0,00;0,00; 10,00;;
2024.12.03 07:48:52;51872579303;XAUUSD;buy;0.1;2 640,75;2 639,75;2 641,75;2024.12.03 07:55:57;2 641,75;0,00;0,00; 10,00;;
2024.12.03 07:49:08;51872580349;XAUUSD;buy;0.1;2 641,13;2 640,13;2 642,13;2024.12.03 07:50:17;2 640,13;0,00;0,00;- 10,00;;
2024.12.03 07:50:05;51872583372;XAUUSD;sell;0.1;2 640,91;2 641,91;2 639,91;2024.12.03 07:55:57;2 641,91;0,00;0,00;- 10,00;;
2024.12.03 07:50:30;51872584328;XAUUSD;buy;0.1;2 640,47;2 639,47;2 641,47;2024.12.03 07:54:12;2 641,47;0,00;0,00; 10,00;;
2024.12.03 07:51:02;51872585543;XAUUSD;buy;0.1;2 640,83;2 639,83;2 641,83;2024.12.03 07:55:57;2 641,83;0,00;0,00; 10,00;;
2024.12.03 07:51:51;51872587780;XAUUSD;sell;0.1;2 640,85;2 641,85;2 639,85;2024.12.03 07:55:51;2 641,85;0,00;0,00;- 10,00;;
2024.12.03 07:53:59;51872592777;XAUUSD;buy;0.1;2 641,19;2 640,19;2 642,19;2024.12.03 08:01:11;2 642,19;0,00;0,00; 10,00;;
2024.12.03 07:54:16;51872593639;XAUUSD;buy;0.1;2 641,29;2 640,29;2 642,29;2024.12.03 08:02:01;2 642,29;0,00;0,00; 10,00;;
2024.12.03 07:54:32;51872594272;XAUUSD;sell;0.1;2 641,12;2 642,12;2 640,12;2024.12.03 07:56:06;2 642,12;0,00;0,00;- 10,00;;
2024.12.03 07:55:21;51872596328;XAUUSD;buy;0.1;2 641,47;2 640,47;2 642,47;2024.12.03 08:02:07;2 642,47;0,00;0,00; 10,00;;
2024.12.03 07:55:29;51872596622;XAUUSD;sell;0.1;2 641,03;2 642,03;2 640,03;2024.12.03 07:56:03;2 642,03;0,00;0,00;- 10,00;;
2024.12.03 07:55:37;51872596912;XAUUSD;buy;0.1;2 641,60;2 640,60;2 642,60;2024.12.03 08:02:09;2 642,60;0,00;0,00; 10,00;;
2024.12.03 07:55:45;51872597414;XAUUSD;buy;0.1;2 641,75;2 640,75;2 642,75;2024.12.03 07:57:14;2 640,75;0,00;0,00;- 10,00;;
2024.12.03 07:56:18;51872599543;XAUUSD;sell;0.1;2 641,62;2 642,62;2 640,62;2024.12.03 08:02:07;2 642,62;0,00;0,00;- 10,00;;
2024.12.03 07:56:51;51872601671;XAUUSD;sell;0.1;2 641,36;2 642,36;2 640,36;2024.12.03 08:01:38;2 642,36;0,00;0,00;- 10,00;;
2024.12.03 07:57:15;51872602947;XAUUSD;sell;0.1;2 640,68;2 641,68;2 639,68;2024.12.03 08:00:08;2 641,68;0,00;0,00;- 10,00;;
2024.12.03 07:57:23;51872603527;XAUUSD;sell;0.1;2 640,84;2 641,84;2 639,84;2024.12.03 08:00:20;2 641,84;0,00;0,00;- 10,00;;
2024.12.03 07:57:48;51872604792;XAUUSD;buy;0.1;2 641,11;2 640,11;2 642,11;2024.12.03 08:01:08;2 642,11;0,00;0,00; 10,00;;
2024.12.03 07:58:20;51872605998;XAUUSD;buy;0.1;2 641,45;2 640,45;2 642,45;2024.12.03 08:02:07;2 642,45;0,00;0,00; 10,00;;
2024.12.03 08:00:05;51872609963;XAUUSD;buy;0.1;2 641,59;2 640,59;2 642,59;2024.12.03 08:02:09;2 642,59;0,00;0,00; 10,00;;
2024.12.03 08:00:29;51872611246;XAUUSD;buy;0.1;2 641,81;2 640,81;2 642,81;2024.12.03 08:02:13;2 642,81;0,00;0,00; 10,00;;
2024.12.03 08:01:02;51872613097;XAUUSD;buy;0.1;2 642,07;2 641,07;2 643,07;2024.12.03 08:02:25;2 643,07;0,00;0,00; 10,00;;
2024.12.03 08:01:50;51872616422;XAUUSD;sell;0.1;2 642,07;2 643,07;2 641,07;2024.12.03 08:02:13;2 643,07;0,00;0,00;- 10,00;;
2024.12.03 08:01:59;51872616925;XAUUSD;buy;0.1;2 642,37;2 641,37;2 643,37;2024.12.03 08:07:39;2 643,37;0,00;0,00; 10,00;;
2024.12.03 08:02:15;51872618498;XAUUSD;buy;0.1;2 643,17;2 642,17;2 644,17;2024.12.03 08:04:12;2 642,17;0,00;0,00;- 10,00;;
2024.12.03 08:42:16;51872809289;XAUUSD;sell;0.1;2 647,24;2 648,24;2 646,24;2024.12.03 08:47:03;2 646,24;0,00;0,00; 10,00;;
2024.12.03 08:56:28;51872891447;XAUUSD;sell;0.1;2 646,79;2 647,79;2 645,79;2024.12.03 09:08:49;2 645,79;0,00;0,00; 10,00;;
2024.12.03 08:56:36;51872892159;XAUUSD;buy;0.1;2 646,83;2 645,83;2 647,83;2024.12.03 09:01:13;2 645,83;0,00;0,00;- 10,00;;
2024.12.03 08:58:27;51872903587;XAUUSD;buy;0.1;2 646,65;2 646,45;2 647,05;2024.12.03 08:58:28;2 646,45;0,00;0,00;- 2,00;;
2024.12.03 08:58:33;51872903996;XAUUSD;buy;0.1;2 646,54;2 646,34;2 646,94;2024.12.03 08:58:35;2 646,34;0,00;0,00;- 2,00;;
2024.12.03 08:58:38;51872904309;XAUUSD;buy;0.1;2 646,60;2 646,40;2 647,00;2024.12.03 08:59:12;2 646,40;0,00;0,00;- 2,00;;
2024.12.03 08:58:43;51872904878;XAUUSD;buy;0.1;2 646,72;2 646,52;2 647,12;2024.12.03 08:58:44;2 646,52;0,00;0,00;- 2,00;;
2024.12.03 08:58:48;51872905165;XAUUSD;buy;0.1;2 646,66;2 646,42;2 647,02;2024.12.03 08:59:12;2 646,42;0,00;0,00;- 2,40;;
2024.12.03 08:58:54;51872905473;XAUUSD;buy;0.1;2 646,71;2 646,51;2 647,11;2024.12.03 08:58:58;2 646,51;0,00;0,00;- 2,00;;
2024.12.03 08:58:59;51872905921;XAUUSD;buy;0.1;2 646,71;2 646,46;2 647,06;2024.12.03 08:59:12;2 646,46;0,00;0,00;- 2,50;;
2024.12.03 08:59:05;51872906518;XAUUSD;buy;0.1;2 646,70;2 646,42;2 647,02;2024.12.03 08:59:12;2 646,42;0,00;0,00;- 2,80;;
2024.12.03 08:59:10;51872906710;XAUUSD;buy;0.1;2 646,69;2 646,49;2 647,09;2024.12.03 08:59:11;2 646,49;0,00;0,00;- 2,00;;
2024.12.03 08:59:15;51872907049;XAUUSD;buy;0.1;2 646,58;2 646,38;2 646,98;2024.12.03 09:00:17;2 646,38;0,00;0,00;- 2,00;;
2024.12.03 08:59:21;51872907485;XAUUSD;buy;0.1;2 646,64;2 646,44;2 647,04;2024.12.03 09:00:06;2 646,44;0,00;0,00;- 2,00;;
2024.12.03 08:59:26;51872907860;XAUUSD;buy;0.1;2 646,69;2 646,49;2 647,09;2024.12.03 09:00:06;2 646,49;0,00;0,00;- 2,00;;
2024.12.03 08:59:31;51872907979;XAUUSD;buy;0.1;2 646,82;2 646,62;2 647,22;2024.12.03 08:59:31;2 646,62;0,00;0,00;- 2,00;;
2024.12.03 09:00:12;51872911977;XAUUSD;buy;0.1;2 646,55;2 646,35;2 646,95;2024.12.03 09:00:29;2 646,35;0,00;0,00;- 2,00;;
2024.12.03 09:00:17;51872912482;XAUUSD;buy;0.1;2 646,53;2 646,33;2 646,93;2024.12.03 09:00:29;2 646,33;0,00;0,00;- 2,00;;
2024.12.03 09:00:28;51872914009;XAUUSD;buy;0.1;2 646,70;2 646,50;2 647,10;2024.12.03 09:00:29;2 646,50;0,00;0,00;- 2,00;;
2024.12.03 09:00:38;51872914802;XAUUSD;buy;0.1;2 646,50;2 646,30;2 646,90;2024.12.03 09:00:46;2 646,30;0,00;0,00;- 2,00;;
2024.12.03 09:00:43;51872915569;XAUUSD;buy;0.1;2 646,47;2 646,27;2 646,87;2024.12.03 09:01:00;2 646,27;0,00;0,00;- 2,00;;
2024.12.03 09:00:49;51872916098;XAUUSD;buy;0.1;2 646,48;2 646,28;2 646,88;2024.12.03 09:01:00;2 646,28;0,00;0,00;- 2,00;;
2024.12.03 09:00:59;51872917060;XAUUSD;buy;0.1;2 646,51;2 646,31;2 646,91;2024.12.03 09:01:00;2 646,31;0,00;0,00;- 2,00;;
2024.12.03 09:01:09;51872918079;XAUUSD;buy;0.1;2 646,30;2 646,10;2 646,70;2024.12.03 09:01:11;2 646,10;0,00;0,00;- 2,00;;
2024.12.03 09:01:15;51872918858;XAUUSD;buy;0.1;2 646,01;2 645,81;2 646,41;2024.12.03 09:01:35;2 646,41;0,00;0,00; 4,00;;
2024.12.03 09:01:20;51872919667;XAUUSD;buy;0.1;2 646,25;2 646,05;2 646,65;2024.12.03 09:01:27;2 646,05;0,00;0,00;- 2,00;;
2024.12.03 09:01:25;51872920123;XAUUSD;buy;0.1;2 646,28;2 646,08;2 646,68;2024.12.03 09:01:27;2 646,08;0,00;0,00;- 2,00;;
2024.12.03 09:01:31;51872920617;XAUUSD;buy;0.1;2 646,33;2 646,13;2 646,73;2024.12.03 09:03:47;2 646,73;0,00;0,00; 4,00;;
2024.12.03 09:01:36;51872921069;XAUUSD;buy;0.1;2 646,59;2 646,39;2 646,99;2024.12.03 09:02:34;2 646,39;0,00;0,00;- 2,00;;
2024.12.03 09:01:41;51872921718;XAUUSD;buy;0.1;2 646,67;2 646,47;2 647,07;2024.12.03 09:01:44;2 646,47;0,00;0,00;- 2,00;;
2024.12.03 09:01:46;51872922124;XAUUSD;buy;0.1;2 646,57;2 646,37;2 646,97;2024.12.03 09:02:34;2 646,37;0,00;0,00;- 2,00;;
2024.12.03 09:01:51;51872922627;XAUUSD;buy;0.1;2 646,58;2 646,38;2 646,98;2024.12.03 09:02:34;2 646,38;0,00;0,00;- 2,00;;
2024.12.03 09:31:36;51873079668;XAUUSD;buy;0.1;2 646,22;2 646,02;2 646,62;2024.12.03 09:32:47;2 646,02;0,00;0,00;- 2,00;;
2024.12.03 09:31:56;51873081269;XAUUSD;buy;0.1;2 646,47;2 646,27;2 646,87;2024.12.03 09:32:10;2 646,27;0,00;0,00;- 2,00;;
2024.12.03 09:32:11;51873082728;XAUUSD;buy;0.1;2 646,43;2 646,23;2 646,83;2024.12.03 09:32:11;2 646,23;0,00;0,00;- 2,00;;
Orders;;;;;;;;;;;;;;
Open Time;Order;Symbol;Type;Volume;Price;S / L;T / P;Time;State;;Comment;;;
2024.12.03 07:37:04;51872540744;XAUUSD;sell;0.1 / 0.1;2 638,20;2 639,20;2 637,20;2024.12.03 07:37:04;filled;;python script op;;;
2024.12.03 07:38:02;51872543079;XAUUSD;sell;0.1 / 0.1;2 638,38;2 639,38;2 637,38;2024.12.03 07:38:02;filled;;python script op;;;
2024.12.03 07:38:23;51872544469;XAUUSD;buy;0.1 / 0.1;2 639,20;;;2024.12.03 07:38:23;filled;;[sl 2639.20];;;
2024.12.03 07:38:26;51872544646;XAUUSD;buy;0.1 / 0.1;2 639,38;;;2024.12.03 07:38:26;filled;;[sl 2639.38];;;
2024.12.03 07:38:34;51872545544;XAUUSD;buy;0.1 / 0.1;2 639,44;2 638,44;2 640,44;2024.12.03 07:38:34;filled;;python script op;;;
2024.12.03 07:39:07;51872547622;XAUUSD;buy;0.1 / 0.1;2 639,76;2 638,76;2 640,76;2024.12.03 07:39:07;filled;;python script op;;;
2024.12.03 07:39:32;51872549657;XAUUSD;sell;0.1 / 0.1;2 639,73;2 640,73;2 638,73;2024.12.03 07:39:32;filled;;python script op;;;
2024.12.03 07:39:40;51872549921;XAUUSD;buy;0.1 / 0.1;2 639,99;2 638,99;2 640,99;2024.12.03 07:39:40;filled;;python script op;;;
2024.12.03 07:40:12;51872552527;XAUUSD;sell;0.1 / 0.1;2 639,85;2 640,85;2 638,85;2024.12.03 07:40:12;filled;;python script op;;;
2024.12.03 07:40:44;51872554268;XAUUSD;sell;0.1 / 0.1;2 639,83;2 640,83;2 638,83;2024.12.03 07:40:44;filled;;python script op;;;
2024.12.03 07:41:09;51872555675;XAUUSD;buy;0.1 / 0.1;2 640,18;2 639,18;2 641,18;2024.12.03 07:41:09;filled;;python script op;;;
2024.12.03 07:41:17;51872556419;XAUUSD;buy;0.1 / 0.1;2 640,44;2 639,44;2 641,44;2024.12.03 07:41:17;filled;;python script op;;;
2024.12.03 07:42:14;51872559463;XAUUSD;sell;0.1 / 0.1;2 640,44;;;2024.12.03 07:42:14;filled;;[tp 2640.44];;;
2024.12.03 07:43:10;51872563459;XAUUSD;sell;0.1 / 0.1;2 639,99;2 640,99;2 638,99;2024.12.03 07:43:10;filled;;python script op;;;
2024.12.03 07:43:42;51872564756;XAUUSD;buy;0.1 / 0.1;2 640,39;2 639,39;2 641,39;2024.12.03 07:43:42;filled;;python script op;;;
2024.12.03 07:43:50;51872565193;XAUUSD;sell;0.1 / 0.1;2 640,30;2 641,30;2 639,30;2024.12.03 07:43:50;filled;;python script op;;;
2024.12.03 07:44:07;51872566108;XAUUSD;sell;0.1 / 0.1;2 640,00;2 641,00;2 639,00;2024.12.03 07:44:07;filled;;python script op;;;
2024.12.03 07:44:15;51872566717;XAUUSD;sell;0.1 / 0.1;2 639,78;2 640,78;2 638,78;2024.12.03 07:44:15;filled;;python script op;;;
2024.12.03 07:44:23;51872567375;XAUUSD;sell;0.1 / 0.1;2 639,50;2 640,50;2 638,50;2024.12.03 07:44:23;filled;;python script op;;;
2024.12.03 07:44:27;51872567516;XAUUSD;sell;0.1 / 0.1;2 639,44;;;2024.12.03 07:44:27;filled;;[sl 2639.44];;;
2024.12.03 07:44:27;51872567517;XAUUSD;sell;0.1 / 0.1;2 639,39;;;2024.12.03 07:44:27;filled;;[sl 2639.39];;;
2024.12.03 07:44:31;51872567849;XAUUSD;sell;0.1 / 0.1;2 639,44;2 640,44;2 638,44;2024.12.03 07:44:31;filled;;python script op;;;
2024.12.03 07:44:40;51872568310;XAUUSD;buy;0.1 / 0.1;2 639,73;2 638,73;2 640,73;2024.12.03 07:44:40;filled;;python script op;;;
2024.12.03 07:45:20;51872570005;XAUUSD;sell;0.1 / 0.1;2 639,36;2 640,36;2 638,36;2024.12.03 07:45:20;filled;;python script op;;;
2024.12.03 07:45:20;51872570016;XAUUSD;sell;0.1 / 0.1;2 639,18;;;2024.12.03 07:45:20;filled;;[sl 2639.18];;;
2024.12.03 07:45:20;51872570018;XAUUSD;buy;0.1 / 0.1;2 639,30;;;2024.12.03 07:45:20;filled;;[tp 2639.30];;;
2024.12.03 07:45:22;51872570176;XAUUSD;sell;0.1 / 0.1;2 638,99;;;2024.12.03 07:45:22;filled;;[sl 2638.99];;;
2024.12.03 07:45:28;51872570523;XAUUSD;sell;0.1 / 0.1;2 639,29;2 640,29;2 638,29;2024.12.03 07:45:28;filled;;python script op;;;
2024.12.03 07:46:17;51872573106;XAUUSD;sell;0.1 / 0.1;2 639,31;2 640,31;2 638,31;2024.12.03 07:46:17;filled;;python script op;;;
2024.12.03 07:46:50;51872574031;XAUUSD;buy;0.1 / 0.1;2 639,91;2 638,91;2 640,91;2024.12.03 07:46:50;filled;;python script op;;;
2024.12.03 07:47:15;51872575250;XAUUSD;buy;0.1 / 0.1;2 640,29;;;2024.12.03 07:47:15;filled;;[sl 2640.29];;;
2024.12.03 07:47:16;51872575301;XAUUSD;buy;0.1 / 0.1;2 640,31;;;2024.12.03 07:47:16;filled;;[sl 2640.31];;;
2024.12.03 07:47:17;51872575367;XAUUSD;buy;0.1 / 0.1;2 640,36;;;2024.12.03 07:47:17;filled;;[sl 2640.36];;;
2024.12.03 07:47:19;51872575418;XAUUSD;buy;0.1 / 0.1;2 640,44;;;2024.12.03 07:47:19;filled;;[sl 2640.44];;;
2024.12.03 07:47:23;51872575563;XAUUSD;buy;0.1 / 0.1;2 640,35;2 639,35;2 641,35;2024.12.03 07:47:23;filled;;python script op;;;
2024.12.03 07:47:44;51872576356;XAUUSD;buy;0.1 / 0.1;2 640,50;;;2024.12.03 07:47:44;filled;;[sl 2640.50];;;
2024.12.03 07:47:48;51872576484;XAUUSD;buy;0.1 / 0.1;2 640,53;2 639,53;2 641,53;2024.12.03 07:47:48;filled;;python script op;;;
2024.12.03 07:48:38;51872578354;XAUUSD;buy;0.1 / 0.1;2 640,73;;;2024.12.03 07:48:38;filled;;[sl 2640.73];;;
2024.12.03 07:48:41;51872578475;XAUUSD;buy;0.1 / 0.1;2 640,85;;;2024.12.03 07:48:41;filled;;[sl 2640.85];;;
2024.12.03 07:48:41;51872578476;XAUUSD;buy;0.1 / 0.1;2 640,83;;;2024.12.03 07:48:41;filled;;[sl 2640.83];;;
2024.12.03 07:48:41;51872578477;XAUUSD;buy;0.1 / 0.1;2 640,78;;;2024.12.03 07:48:41;filled;;[sl 2640.78];;;
2024.12.03 07:48:41;51872578479;XAUUSD;sell;0.1 / 0.1;2 640,73;;;2024.12.03 07:48:41;filled;;[tp 2640.73];;;
2024.12.03 07:48:45;51872578789;XAUUSD;buy;0.1 / 0.1;2 640,99;;;2024.12.03 07:48:45;filled;;[sl 2640.99];;;
2024.12.03 07:48:45;51872578792;XAUUSD;buy;0.1 / 0.1;2 641,00;;;2024.12.03 07:48:45;filled;;[sl 2641.00];;;
2024.12.03 07:48:45;51872578795;XAUUSD;sell;0.1 / 0.1;2 640,76;;;2024.12.03 07:48:45;filled;;[tp 2640.76];;;
2024.12.03 07:48:52;51872579303;XAUUSD;buy;0.1 / 0.1;2 640,75;2 639,75;2 641,75;2024.12.03 07:48:52;filled;;python script op;;;
2024.12.03 07:49:00;51872579685;XAUUSD;sell;0.1 / 0.1;2 640,91;;;2024.12.03 07:49:00;filled;;[tp 2640.91];;;
2024.12.03 07:49:08;51872580349;XAUUSD;buy;0.1 / 0.1;2 641,13;2 640,13;2 642,13;2024.12.03 07:49:08;filled;;python script op;;;
2024.12.03 07:50:05;51872583372;XAUUSD;sell;0.1 / 0.1;2 640,91;2 641,91;2 639,91;2024.12.03 07:50:05;filled;;python script op;;;
2024.12.03 07:50:17;51872583883;XAUUSD;sell;0.1 / 0.1;2 640,13;;;2024.12.03 07:50:17;filled;;[sl 2640.13];;;
2024.12.03 07:50:30;51872584328;XAUUSD;buy;0.1 / 0.1;2 640,47;2 639,47;2 641,47;2024.12.03 07:50:30;filled;;python script op;;;
2024.12.03 07:51:02;51872585543;XAUUSD;buy;0.1 / 0.1;2 640,83;2 639,83;2 641,83;2024.12.03 07:51:02;filled;;python script op;;;
2024.12.03 07:51:51;51872587780;XAUUSD;sell;0.1 / 0.1;2 640,85;2 641,85;2 639,85;2024.12.03 07:51:51;filled;;python script op;;;
2024.12.03 07:53:59;51872592777;XAUUSD;buy;0.1 / 0.1;2 641,19;2 640,19;2 642,19;2024.12.03 07:53:59;filled;;python script op;;;
2024.12.03 07:54:07;51872593152;XAUUSD;sell;0.1 / 0.1;2 641,35;;;2024.12.03 07:54:07;filled;;[tp 2641.35];;;
2024.12.03 07:54:12;51872593409;XAUUSD;sell;0.1 / 0.1;2 641,47;;;2024.12.03 07:54:12;filled;;[tp 2641.47];;;
2024.12.03 07:54:16;51872593639;XAUUSD;buy;0.1 / 0.1;2 641,29;2 640,29;2 642,29;2024.12.03 07:54:16;filled;;python script op;;;
2024.12.03 07:54:32;51872594272;XAUUSD;sell;0.1 / 0.1;2 641,12;2 642,12;2 640,12;2024.12.03 07:54:32;filled;;python script op;;;
2024.12.03 07:55:21;51872596328;XAUUSD;buy;0.1 / 0.1;2 641,47;2 640,47;2 642,47;2024.12.03 07:55:21;filled;;python script op;;;
2024.12.03 07:55:29;51872596622;XAUUSD;sell;0.1 / 0.1;2 641,03;2 642,03;2 640,03;2024.12.03 07:55:29;filled;;python script op;;;
2024.12.03 07:55:37;51872596912;XAUUSD;buy;0.1 / 0.1;2 641,60;2 640,60;2 642,60;2024.12.03 07:55:37;filled;;python script op;;;
2024.12.03 07:55:38;51872596994;XAUUSD;sell;0.1 / 0.1;2 641,53;;;2024.12.03 07:55:38;filled;;[tp 2641.53];;;
2024.12.03 07:55:45;51872597414;XAUUSD;buy;0.1 / 0.1;2 641,75;2 640,75;2 642,75;2024.12.03 07:55:45;filled;;python script op;;;
2024.12.03 07:55:51;51872597663;XAUUSD;buy;0.1 / 0.1;2 641,85;;;2024.12.03 07:55:51;filled;;[sl 2641.85];;;
2024.12.03 07:55:57;51872598143;XAUUSD;buy;0.1 / 0.1;2 641,91;;;2024.12.03 07:55:57;filled;;[sl 2641.91];;;
2024.12.03 07:55:57;51872598147;XAUUSD;sell;0.1 / 0.1;2 641,75;;;2024.12.03 07:55:57;filled;;[tp 2641.75];;;
2024.12.03 07:55:57;51872598153;XAUUSD;sell;0.1 / 0.1;2 641,83;;;2024.12.03 07:55:57;filled;;[tp 2641.83];;;
2024.12.03 07:56:03;51872598599;XAUUSD;buy;0.1 / 0.1;2 642,03;;;2024.12.03 07:56:03;filled;;[sl 2642.03];;;
2024.12.03 07:56:06;51872598822;XAUUSD;buy;0.1 / 0.1;2 642,12;;;2024.12.03 07:56:06;filled;;[sl 2642.12];;;
2024.12.03 07:56:18;51872599543;XAUUSD;sell;0.1 / 0.1;2 641,62;2 642,62;2 640,62;2024.12.03 07:56:18;filled;;python script op;;;
2024.12.03 07:56:51;51872601671;XAUUSD;sell;0.1 / 0.1;2 641,36;2 642,36;2 640,36;2024.12.03 07:56:51;filled;;python script op;;;
2024.12.03 07:57:14;51872602878;XAUUSD;sell;0.1 / 0.1;2 640,75;;;2024.12.03 07:57:14;filled;;[sl 2640.75];;;
2024.12.03 07:57:15;51872602947;XAUUSD;sell;0.1 / 0.1;2 640,68;2 641,68;2 639,68;2024.12.03 07:57:15;filled;;python script op;;;
2024.12.03 07:57:23;51872603527;XAUUSD;sell;0.1 / 0.1;2 640,84;2 641,84;2 639,84;2024.12.03 07:57:23;filled;;python script op;;;
2024.12.03 07:57:48;51872604792;XAUUSD;buy;0.1 / 0.1;2 641,11;2 640,11;2 642,11;2024.12.03 07:57:48;filled;;python script op;;;
2024.12.03 07:58:20;51872605998;XAUUSD;buy;0.1 / 0.1;2 641,45;2 640,45;2 642,45;2024.12.03 07:58:20;filled;;python script op;;;
2024.12.03 08:00:05;51872609963;XAUUSD;buy;0.1 / 0.1;2 641,59;2 640,59;2 642,59;2024.12.03 08:00:05;filled;;python script op;;;
2024.12.03 08:00:08;51872610115;XAUUSD;buy;0.1 / 0.1;2 641,68;;;2024.12.03 08:00:08;filled;;[sl 2641.68];;;
2024.12.03 08:00:20;51872610738;XAUUSD;buy;0.1 / 0.1;2 641,84;;;2024.12.03 08:00:20;filled;;[sl 2641.84];;;
2024.12.03 08:00:29;51872611246;XAUUSD;buy;0.1 / 0.1;2 641,81;2 640,81;2 642,81;2024.12.03 08:00:29;filled;;python script op;;;
2024.12.03 08:01:02;51872613097;XAUUSD;buy;0.1 / 0.1;2 642,07;2 641,07;2 643,07;2024.12.03 08:01:02;filled;;python script op;;;
2024.12.03 08:01:08;51872613556;XAUUSD;sell;0.1 / 0.1;2 642,11;;;2024.12.03 08:01:08;filled;;[tp 2642.11];;;
2024.12.03 08:01:11;51872613791;XAUUSD;sell;0.1 / 0.1;2 642,19;;;2024.12.03 08:01:11;filled;;[tp 2642.19];;;
2024.12.03 08:01:38;51872615629;XAUUSD;buy;0.1 / 0.1;2 642,36;;;2024.12.03 08:01:38;filled;;[sl 2642.36];;;
2024.12.03 08:01:50;51872616422;XAUUSD;sell;0.1 / 0.1;2 642,07;2 643,07;2 641,07;2024.12.03 08:01:50;filled;;python script op;;;
2024.12.03 08:01:59;51872616925;XAUUSD;buy;0.1 / 0.1;2 642,37;2 641,37;2 643,37;2024.12.03 08:01:59;filled;;python script op;;;
2024.12.03 08:02:01;51872617069;XAUUSD;sell;0.1 / 0.1;2 642,29;;;2024.12.03 08:02:01;filled;;[tp 2642.29];;;
2024.12.03 08:02:07;51872617327;XAUUSD;buy;0.1 / 0.1;2 642,62;;;2024.12.03 08:02:07;filled;;[sl 2642.62];;;
2024.12.03 08:02:07;51872617354;XAUUSD;sell;0.1 / 0.1;2 642,47;;;2024.12.03 08:02:07;filled;;[tp 2642.47];;;
2024.12.03 08:02:07;51872617359;XAUUSD;sell;0.1 / 0.1;2 642,45;;;2024.12.03 08:02:07;filled;;[tp 2642.45];;;
2024.12.03 08:02:09;51872617558;XAUUSD;sell;0.1 / 0.1;2 642,59;;;2024.12.03 08:02:09;filled;;[tp 2642.59];;;
2024.12.03 08:02:09;51872617628;XAUUSD;sell;0.1 / 0.1;2 642,60;;;2024.12.03 08:02:09;filled;;[tp 2642.60];;;
2024.12.03 08:02:13;51872617974;XAUUSD;buy;0.1 / 0.1;2 643,07;;;2024.12.03 08:02:13;filled;;[sl 2643.07];;;
2024.12.03 08:02:13;51872617984;XAUUSD;sell;0.1 / 0.1;2 642,81;;;2024.12.03 08:02:13;filled;;[tp 2642.81];;;
2024.12.03 08:02:15;51872618498;XAUUSD;buy;0.1 / 0.1;2 643,17;2 642,17;2 644,17;2024.12.03 08:02:15;filled;;python script op;;;
2024.12.03 08:02:25;51872619563;XAUUSD;sell;0.1 / 0.1;2 643,07;;;2024.12.03 08:02:25;filled;;[tp 2643.07];;;
2024.12.03 08:04:12;51872626310;XAUUSD;sell;0.1 / 0.1;2 642,17;;;2024.12.03 08:04:12;filled;;[sl 2642.17];;;
2024.12.03 08:07:39;51872637955;XAUUSD;sell;0.1 / 0.1;2 643,37;;;2024.12.03 08:07:39;filled;;[tp 2643.37];;;
2024.12.03 08:42:16;51872809289;XAUUSD;sell;0.1 / 0.1;2 647,24;2 648,24;2 646,24;2024.12.03 08:42:16;filled;;python script op;;;
2024.12.03 08:47:03;51872837070;XAUUSD;buy;0.1 / 0.1;2 646,24;;;2024.12.03 08:47:03;filled;;[tp 2646.24];;;
2024.12.03 08:56:28;51872891447;XAUUSD;sell;0.1 / 0.1;2 646,79;2 647,79;2 645,79;2024.12.03 08:56:28;filled;;python script op;;;
2024.12.03 08:56:36;51872892159;XAUUSD;buy;0.1 / 0.1;2 646,83;2 645,83;2 647,83;2024.12.03 08:56:36;filled;;python script op;;;
2024.12.03 08:58:27;51872903587;XAUUSD;buy;0.1 / 0.1;2 646,65;2 646,45;2 647,05;2024.12.03 08:58:27;filled;;AI-enhanced trad;;;
2024.12.03 08:58:28;51872903706;XAUUSD;sell;0.1 / 0.1;2 646,45;;;2024.12.03 08:58:28;filled;;[sl 2646.45];;;
2024.12.03 08:58:33;51872903996;XAUUSD;buy;0.1 / 0.1;2 646,54;2 646,34;2 646,94;2024.12.03 08:58:33;filled;;AI-enhanced trad;;;
2024.12.03 08:58:35;51872904092;XAUUSD;sell;0.1 / 0.1;2 646,34;;;2024.12.03 08:58:35;filled;;[sl 2646.34];;;
2024.12.03 08:58:38;51872904309;XAUUSD;buy;0.1 / 0.1;2 646,60;2 646,40;2 647,00;2024.12.03 08:58:38;filled;;AI-enhanced trad;;;
2024.12.03 08:58:43;51872904878;XAUUSD;buy;0.1 / 0.1;2 646,72;2 646,52;2 647,12;2024.12.03 08:58:43;filled;;AI-enhanced trad;;;
2024.12.03 08:58:44;51872905075;XAUUSD;sell;0.1 / 0.1;2 646,52;;;2024.12.03 08:58:44;filled;;[sl 2646.52];;;
2024.12.03 08:58:48;51872905165;XAUUSD;buy;0.1 / 0.1;2 646,66;2 646,42;2 647,02;2024.12.03 08:58:48;filled;;AI-enhanced trad;;;
2024.12.03 08:58:54;51872905473;XAUUSD;buy;0.1 / 0.1;2 646,71;2 646,51;2 647,11;2024.12.03 08:58:54;filled;;AI-enhanced trad;;;
2024.12.03 08:58:58;51872905909;XAUUSD;sell;0.1 / 0.1;2 646,51;;;2024.12.03 08:58:58;filled;;[sl 2646.51];;;
2024.12.03 08:58:59;51872905921;XAUUSD;buy;0.1 / 0.1;2 646,71;2 646,46;2 647,06;2024.12.03 08:58:59;filled;;AI-enhanced trad;;;
2024.12.03 08:59:05;51872906518;XAUUSD;buy;0.1 / 0.1;2 646,70;2 646,42;2 647,02;2024.12.03 08:59:05;filled;;AI-enhanced trad;;;
2024.12.03 08:59:10;51872906710;XAUUSD;buy;0.1 / 0.1;2 646,69;2 646,49;2 647,09;2024.12.03 08:59:10;filled;;AI-enhanced trad;;;
2024.12.03 08:59:11;51872906759;XAUUSD;sell;0.1 / 0.1;2 646,49;;;2024.12.03 08:59:11;filled;;[sl 2646.49];;;
2024.12.03 08:59:12;51872906887;XAUUSD;sell;0.1 / 0.1;2 646,42;;;2024.12.03 08:59:12;filled;;[sl 2646.42];;;
2024.12.03 08:59:12;51872906888;XAUUSD;sell;0.1 / 0.1;2 646,46;;;2024.12.03 08:59:12;filled;;[sl 2646.46];;;
2024.12.03 08:59:12;51872906889;XAUUSD;sell;0.1 / 0.1;2 646,42;;;2024.12.03 08:59:12;filled;;[sl 2646.42];;;
2024.12.03 08:59:12;51872906905;XAUUSD;sell;0.1 / 0.1;2 646,40;;;2024.12.03 08:59:12;filled;;[sl 2646.40];;;
2024.12.03 08:59:15;51872907049;XAUUSD;buy;0.1 / 0.1;2 646,58;2 646,38;2 646,98;2024.12.03 08:59:15;filled;;AI-enhanced trad;;;
2024.12.03 08:59:21;51872907485;XAUUSD;buy;0.1 / 0.1;2 646,64;2 646,44;2 647,04;2024.12.03 08:59:21;filled;;AI-enhanced trad;;;
2024.12.03 08:59:26;51872907860;XAUUSD;buy;0.1 / 0.1;2 646,69;2 646,49;2 647,09;2024.12.03 08:59:26;filled;;AI-enhanced trad;;;
2024.12.03 08:59:31;51872907979;XAUUSD;buy;0.1 / 0.1;2 646,82;2 646,62;2 647,22;2024.12.03 08:59:31;filled;;AI-enhanced trad;;;
2024.12.03 08:59:31;51872907993;XAUUSD;sell;0.1 / 0.1;2 646,62;;;2024.12.03 08:59:31;filled;;[sl 2646.62];;;
2024.12.03 09:00:06;51872911286;XAUUSD;sell;0.1 / 0.1;2 646,44;;;2024.12.03 09:00:06;filled;;[sl 2646.44];;;
2024.12.03 09:00:06;51872911287;XAUUSD;sell;0.1 / 0.1;2 646,49;;;2024.12.03 09:00:06;filled;;[sl 2646.49];;;
2024.12.03 09:00:12;51872911977;XAUUSD;buy;0.1 / 0.1;2 646,55;2 646,35;2 646,95;2024.12.03 09:00:12;filled;;AI-enhanced trad;;;
2024.12.03 09:00:17;51872912461;XAUUSD;sell;0.1 / 0.1;2 646,38;;;2024.12.03 09:00:17;filled;;[sl 2646.38];;;
2024.12.03 09:00:17;51872912482;XAUUSD;buy;0.1 / 0.1;2 646,53;2 646,33;2 646,93;2024.12.03 09:00:17;filled;;AI-enhanced trad;;;
2024.12.03 09:00:28;51872914009;XAUUSD;buy;0.1 / 0.1;2 646,70;2 646,50;2 647,10;2024.12.03 09:00:28;filled;;AI-enhanced trad;;;
2024.12.03 09:00:29;51872914071;XAUUSD;sell;0.1 / 0.1;2 646,50;;;2024.12.03 09:00:29;filled;;[sl 2646.50];;;
2024.12.03 09:00:29;51872914098;XAUUSD;sell;0.1 / 0.1;2 646,35;;;2024.12.03 09:00:29;filled;;[sl 2646.35];;;
2024.12.03 09:00:29;51872914099;XAUUSD;sell;0.1 / 0.1;2 646,33;;;2024.12.03 09:00:29;filled;;[sl 2646.33];;;
2024.12.03 09:00:38;51872914802;XAUUSD;buy;0.1 / 0.1;2 646,50;2 646,30;2 646,90;2024.12.03 09:00:38;filled;;AI-enhanced trad;;;
2024.12.03 09:00:43;51872915569;XAUUSD;buy;0.1 / 0.1;2 646,47;2 646,27;2 646,87;2024.12.03 09:00:43;filled;;AI-enhanced trad;;;
2024.12.03 09:00:46;51872915850;XAUUSD;sell;0.1 / 0.1;2 646,30;;;2024.12.03 09:00:46;filled;;[sl 2646.30];;;
2024.12.03 09:00:49;51872916098;XAUUSD;buy;0.1 / 0.1;2 646,48;2 646,28;2 646,88;2024.12.03 09:00:49;filled;;AI-enhanced trad;;;
2024.12.03 09:00:59;51872917060;XAUUSD;buy;0.1 / 0.1;2 646,51;2 646,31;2 646,91;2024.12.03 09:00:59;filled;;AI-enhanced trad;;;
2024.12.03 09:01:00;51872917219;XAUUSD;sell;0.1 / 0.1;2 646,27;;;2024.12.03 09:01:00;filled;;[sl 2646.27];;;
2024.12.03 09:01:00;51872917220;XAUUSD;sell;0.1 / 0.1;2 646,28;;;2024.12.03 09:01:00;filled;;[sl 2646.28];;;
2024.12.03 09:01:00;51872917221;XAUUSD;sell;0.1 / 0.1;2 646,31;;;2024.12.03 09:01:00;filled;;[sl 2646.31];;;
2024.12.03 09:01:09;51872918079;XAUUSD;buy;0.1 / 0.1;2 646,30;2 646,10;2 646,70;2024.12.03 09:01:09;filled;;AI-enhanced trad;;;
2024.12.03 09:01:11;51872918312;XAUUSD;sell;0.1 / 0.1;2 646,10;;;2024.12.03 09:01:11;filled;;[sl 2646.10];;;
2024.12.03 09:01:13;51872918600;XAUUSD;sell;0.1 / 0.1;2 645,83;;;2024.12.03 09:01:13;filled;;[sl 2645.83];;;
2024.12.03 09:01:15;51872918858;XAUUSD;buy;0.1 / 0.1;2 646,01;2 645,81;2 646,41;2024.12.03 09:01:15;filled;;AI-enhanced trad;;;
2024.12.03 09:01:20;51872919667;XAUUSD;buy;0.1 / 0.1;2 646,25;2 646,05;2 646,65;2024.12.03 09:01:20;filled;;AI-enhanced trad;;;
2024.12.03 09:01:25;51872920123;XAUUSD;buy;0.1 / 0.1;2 646,28;2 646,08;2 646,68;2024.12.03 09:01:25;filled;;AI-enhanced trad;;;
2024.12.03 09:01:27;51872920430;XAUUSD;sell;0.1 / 0.1;2 646,05;;;2024.12.03 09:01:27;filled;;[sl 2646.05];;;
2024.12.03 09:01:27;51872920431;XAUUSD;sell;0.1 / 0.1;2 646,08;;;2024.12.03 09:01:27;filled;;[sl 2646.08];;;
2024.12.03 09:01:31;51872920617;XAUUSD;buy;0.1 / 0.1;2 646,33;2 646,13;2 646,73;2024.12.03 09:01:31;filled;;AI-enhanced trad;;;
2024.12.03 09:01:35;51872920969;XAUUSD;sell;0.1 / 0.1;2 646,41;;;2024.12.03 09:01:35;filled;;[tp 2646.41];;;
2024.12.03 09:01:36;51872921069;XAUUSD;buy;0.1 / 0.1;2 646,59;2 646,39;2 646,99;2024.12.03 09:01:36;filled;;AI-enhanced trad;;;
2024.12.03 09:01:41;51872921718;XAUUSD;buy;0.1 / 0.1;2 646,67;2 646,47;2 647,07;2024.12.03 09:01:41;filled;;AI-enhanced trad;;;
2024.12.03 09:01:44;51872921958;XAUUSD;sell;0.1 / 0.1;2 646,47;;;2024.12.03 09:01:44;filled;;[sl 2646.47];;;
2024.12.03 09:01:46;51872922124;XAUUSD;buy;0.1 / 0.1;2 646,57;2 646,37;2 646,97;2024.12.03 09:01:46;filled;;AI-enhanced trad;;;
2024.12.03 09:01:51;51872922627;XAUUSD;buy;0.1 / 0.1;2 646,58;2 646,38;2 646,98;2024.12.03 09:01:51;filled;;AI-enhanced trad;;;
2024.12.03 09:02:34;51872926387;XAUUSD;sell;0.1 / 0.1;2 646,39;;;2024.12.03 09:02:34;filled;;[sl 2646.39];;;
2024.12.03 09:02:34;51872926388;XAUUSD;sell;0.1 / 0.1;2 646,37;;;2024.12.03 09:02:34;filled;;[sl 2646.37];;;
2024.12.03 09:02:34;51872926389;XAUUSD;sell;0.1 / 0.1;2 646,38;;;2024.12.03 09:02:34;filled;;[sl 2646.38];;;
2024.12.03 09:03:47;51872932314;XAUUSD;sell;0.1 / 0.1;2 646,73;;;2024.12.03 09:03:47;filled;;[tp 2646.73];;;
2024.12.03 09:08:49;51872956684;XAUUSD;buy;0.1 / 0.1;2 645,79;;;2024.12.03 09:08:49;filled;;[tp 2645.79];;;
2024.12.03 09:31:35;51873079668;XAUUSD;buy;0.1 / 0.1;2 646,22;2 646,02;2 646,62;2024.12.03 09:31:36;filled;;AI-enhanced trad;;;
2024.12.03 09:31:56;51873081269;XAUUSD;buy;0.1 / 0.1;2 646,47;2 646,27;2 646,87;2024.12.03 09:31:56;filled;;AI-enhanced trad;;;
2024.12.03 09:32:10;51873082658;XAUUSD;sell;0.1 / 0.1;2 646,27;;;2024.12.03 09:32:10;filled;;[sl 2646.27];;;
2024.12.03 09:32:11;51873082728;XAUUSD;buy;0.1 / 0.1;2 646,43;2 646,23;2 646,83;2024.12.03 09:32:11;filled;;AI-enhanced trad;;;
2024.12.03 09:32:11;51873082734;XAUUSD;sell;0.1 / 0.1;2 646,23;;;2024.12.03 09:32:11;filled;;[sl 2646.23];;;
2024.12.03 09:32:47;51873086181;XAUUSD;sell;0.1 / 0.1;2 646,02;;;2024.12.03 09:32:47;filled;;[sl 2646.02];;;
Deals;;;;;;;;;;;;;;
Time;Deal;Symbol;Type;Direction;Volume;Price;Order;Commission;Fee;Swap;Profit;Balance;Comment;
2024.12.03 07:37:04;51835879091;XAUUSD;sell;in;0.1;2 638,20;51872540744;0,00;0,00;0,00;0,00;96 288,84;python script op;
2024.12.03 07:38:02;51835881473;XAUUSD;sell;in;0.1;2 638,38;51872543079;0,00;0,00;0,00;0,00;96 288,84;python script op;
2024.12.03 07:38:23;51835882784;XAUUSD;buy;out;0.1;2 639,20;51872544469;0,00;0,00;0,00;- 10,00;96 278,84;[sl 2639.20];
2024.12.03 07:38:26;51835882921;XAUUSD;buy;out;0.1;2 639,38;51872544646;0,00;0,00;0,00;- 10,00;96 268,84;[sl 2639.38];
2024.12.03 07:38:34;51835883850;XAUUSD;buy;in;0.1;2 639,44;51872545544;0,00;0,00;0,00;0,00;96 268,84;python script op;
2024.12.03 07:39:07;51835885771;XAUUSD;buy;in;0.1;2 639,76;51872547622;0,00;0,00;0,00;0,00;96 268,84;python script op;
2024.12.03 07:39:32;51835887698;XAUUSD;sell;in;0.1;2 639,73;51872549657;0,00;0,00;0,00;0,00;96 268,84;python script op;
2024.12.03 07:39:40;51835887945;XAUUSD;buy;in;0.1;2 639,99;51872549921;0,00;0,00;0,00;0,00;96 268,84;python script op;
2024.12.03 07:40:12;51835890358;XAUUSD;sell;in;0.1;2 639,85;51872552527;0,00;0,00;0,00;0,00;96 268,84;python script op;
2024.12.03 07:40:44;51835891902;XAUUSD;sell;in;0.1;2 639,83;51872554268;0,00;0,00;0,00;0,00;96 268,84;python script op;
2024.12.03 07:41:09;51835893293;XAUUSD;buy;in;0.1;2 640,18;51872555675;0,00;0,00;0,00;0,00;96 268,84;python script op;
2024.12.03 07:41:17;51835893916;XAUUSD;buy;in;0.1;2 640,44;51872556419;0,00;0,00;0,00;0,00;96 268,84;python script op;
2024.12.03 07:42:14;51835896742;XAUUSD;sell;out;0.1;2 640,44;51872559463;0,00;0,00;0,00; 10,00;96 278,84;[tp 2640.44];
2024.12.03 07:43:10;51835900625;XAUUSD;sell;in;0.1;2 639,99;51872563459;0,00;0,00;0,00;0,00;96 278,84;python script op;
2024.12.03 07:43:42;51835901912;XAUUSD;buy;in;0.1;2 640,39;51872564756;0,00;0,00;0,00;0,00;96 278,84;python script op;
2024.12.03 07:43:50;51835902348;XAUUSD;sell;in;0.1;2 640,30;51872565193;0,00;0,00;0,00;0,00;96 278,84;python script op;
2024.12.03 07:44:07;51835903064;XAUUSD;sell;in;0.1;2 640,00;51872566108;0,00;0,00;0,00;0,00;96 278,84;python script op;
2024.12.03 07:44:15;51835903772;XAUUSD;sell;in;0.1;2 639,78;51872566717;0,00;0,00;0,00;0,00;96 278,84;python script op;
2024.12.03 07:44:23;51835904529;XAUUSD;sell;in;0.1;2 639,50;51872567375;0,00;0,00;0,00;0,00;96 278,84;python script op;
2024.12.03 07:44:27;51835904665;XAUUSD;sell;out;0.1;2 639,44;51872567516;0,00;0,00;0,00;- 10,00;96 268,84;[sl 2639.44];
2024.12.03 07:44:27;51835904667;XAUUSD;sell;out;0.1;2 639,39;51872567517;0,00;0,00;0,00;- 10,00;96 258,84;[sl 2639.39];
2024.12.03 07:44:31;51835904814;XAUUSD;sell;in;0.1;2 639,44;51872567849;0,00;0,00;0,00;0,00;96 258,84;python script op;
2024.12.03 07:44:40;51835905345;XAUUSD;buy;in;0.1;2 639,73;51872568310;0,00;0,00;0,00;0,00;96 258,84;python script op;
2024.12.03 07:45:20;51835907062;XAUUSD;sell;in;0.1;2 639,36;51872570005;0,00;0,00;0,00;0,00;96 258,84;python script op;
2024.12.03 07:45:20;51835907075;XAUUSD;sell;out;0.1;2 639,18;51872570016;0,00;0,00;0,00;- 10,00;96 248,84;[sl 2639.18];
2024.12.03 07:45:20;51835907082;XAUUSD;buy;out;0.1;2 639,30;51872570018;0,00;0,00;0,00; 10,00;96 258,84;[tp 2639.30];
2024.12.03 07:45:22;51835907233;XAUUSD;sell;out;0.1;2 638,99;51872570176;0,00;0,00;0,00;- 10,00;96 248,84;[sl 2638.99];
2024.12.03 07:45:28;51835907572;XAUUSD;sell;in;0.1;2 639,29;51872570523;0,00;0,00;0,00;0,00;96 248,84;python script op;
2024.12.03 07:46:17;51835909828;XAUUSD;sell;in;0.1;2 639,31;51872573106;0,00;0,00;0,00;0,00;96 248,84;python script op;
2024.12.03 07:46:50;51835910729;XAUUSD;buy;in;0.1;2 639,91;51872574031;0,00;0,00;0,00;0,00;96 248,84;python script op;
2024.12.03 07:47:15;51835911922;XAUUSD;buy;out;0.1;2 640,29;51872575250;0,00;0,00;0,00;- 10,00;96 238,84;[sl 2640.29];
2024.12.03 07:47:16;51835911977;XAUUSD;buy;out;0.1;2 640,31;51872575301;0,00;0,00;0,00;- 10,00;96 228,84;[sl 2640.31];
2024.12.03 07:47:17;51835912065;XAUUSD;buy;out;0.1;2 640,36;51872575367;0,00;0,00;0,00;- 10,00;96 218,84;[sl 2640.36];
2024.12.03 07:47:19;51835912114;XAUUSD;buy;out;0.1;2 640,44;51872575418;0,00;0,00;0,00;- 10,00;96 208,84;[sl 2640.44];
2024.12.03 07:47:23;51835912262;XAUUSD;buy;in;0.1;2 640,35;51872575563;0,00;0,00;0,00;0,00;96 208,84;python script op;
2024.12.03 07:47:44;51835912997;XAUUSD;buy;out;0.1;2 640,50;51872576356;0,00;0,00;0,00;- 10,00;96 198,84;[sl 2640.50];
2024.12.03 07:47:48;51835913121;XAUUSD;buy;in;0.1;2 640,53;51872576484;0,00;0,00;0,00;0,00;96 198,84;python script op;
2024.12.03 07:48:38;51835915003;XAUUSD;buy;out;0.1;2 640,73;51872578354;0,00;0,00;0,00;- 10,00;96 188,84;[sl 2640.73];
2024.12.03 07:48:41;51835915131;XAUUSD;buy;out;0.1;2 640,85;51872578475;0,00;0,00;0,00;- 10,00;96 178,84;[sl 2640.85];
2024.12.03 07:48:41;51835915139;XAUUSD;buy;out;0.1;2 640,83;51872578476;0,00;0,00;0,00;- 10,00;96 168,84;[sl 2640.83];
2024.12.03 07:48:41;51835915143;XAUUSD;buy;out;0.1;2 640,78;51872578477;0,00;0,00;0,00;- 10,00;96 158,84;[sl 2640.78];
2024.12.03 07:48:41;51835915144;XAUUSD;sell;out;0.1;2 640,73;51872578479;0,00;0,00;0,00; 10,00;96 168,84;[tp 2640.73];
2024.12.03 07:48:45;51835915450;XAUUSD;buy;out;0.1;2 640,99;51872578789;0,00;0,00;0,00;- 10,00;96 158,84;[sl 2640.99];
2024.12.03 07:48:45;51835915458;XAUUSD;buy;out;0.1;2 641,00;51872578792;0,00;0,00;0,00;- 10,00;96 148,84;[sl 2641.00];
2024.12.03 07:48:45;51835915474;XAUUSD;sell;out;0.1;2 640,76;51872578795;0,00;0,00;0,00; 10,00;96 158,84;[tp 2640.76];
2024.12.03 07:48:52;51835915972;XAUUSD;buy;in;0.1;2 640,75;51872579303;0,00;0,00;0,00;0,00;96 158,84;python script op;
2024.12.03 07:49:00;51835916352;XAUUSD;sell;out;0.1;2 640,91;51872579685;0,00;0,00;0,00; 10,00;96 168,84;[tp 2640.91];
2024.12.03 07:49:08;51835917010;XAUUSD;buy;in;0.1;2 641,13;51872580349;0,00;0,00;0,00;0,00;96 168,84;python script op;
2024.12.03 07:50:05;51835920051;XAUUSD;sell;in;0.1;2 640,91;51872583372;0,00;0,00;0,00;0,00;96 168,84;python script op;
2024.12.03 07:50:17;51835920558;XAUUSD;sell;out;0.1;2 640,13;51872583883;0,00;0,00;0,00;- 10,00;96 158,84;[sl 2640.13];
2024.12.03 07:50:30;51835921002;XAUUSD;buy;in;0.1;2 640,47;51872584328;0,00;0,00;0,00;0,00;96 158,84;python script op;
2024.12.03 07:51:02;51835922199;XAUUSD;buy;in;0.1;2 640,83;51872585543;0,00;0,00;0,00;0,00;96 158,84;python script op;
2024.12.03 07:51:51;51835924427;XAUUSD;sell;in;0.1;2 640,85;51872587780;0,00;0,00;0,00;0,00;96 158,84;python script op;
2024.12.03 07:53:59;51835929347;XAUUSD;buy;in;0.1;2 641,19;51872592777;0,00;0,00;0,00;0,00;96 158,84;python script op;
2024.12.03 07:54:07;51835929724;XAUUSD;sell;out;0.1;2 641,35;51872593152;0,00;0,00;0,00; 10,00;96 168,84;[tp 2641.35];
2024.12.03 07:54:12;51835929996;XAUUSD;sell;out;0.1;2 641,47;51872593409;0,00;0,00;0,00; 10,00;96 178,84;[tp 2641.47];
2024.12.03 07:54:16;51835930226;XAUUSD;buy;in;0.1;2 641,29;51872593639;0,00;0,00;0,00;0,00;96 178,84;python script op;
2024.12.03 07:54:32;51835930865;XAUUSD;sell;in;0.1;2 641,12;51872594272;0,00;0,00;0,00;0,00;96 178,84;python script op;
2024.12.03 07:55:21;51835932889;XAUUSD;buy;in;0.1;2 641,47;51872596328;0,00;0,00;0,00;0,00;96 178,84;python script op;
2024.12.03 07:55:29;51835933179;XAUUSD;sell;in;0.1;2 641,03;51872596622;0,00;0,00;0,00;0,00;96 178,84;python script op;
2024.12.03 07:55:37;51835933475;XAUUSD;buy;in;0.1;2 641,60;51872596912;0,00;0,00;0,00;0,00;96 178,84;python script op;
2024.12.03 07:55:38;51835933538;XAUUSD;sell;out;0.1;2 641,53;51872596994;0,00;0,00;0,00; 10,00;96 188,84;[tp 2641.53];
2024.12.03 07:55:45;51835933984;XAUUSD;buy;in;0.1;2 641,75;51872597414;0,00;0,00;0,00;0,00;96 188,84;python script op;
2024.12.03 07:55:51;51835934238;XAUUSD;buy;out;0.1;2 641,85;51872597663;0,00;0,00;0,00;- 10,00;96 178,84;[sl 2641.85];
2024.12.03 07:55:57;51835934715;XAUUSD;buy;out;0.1;2 641,91;51872598143;0,00;0,00;0,00;- 10,00;96 168,84;[sl 2641.91];
2024.12.03 07:55:57;51835934718;XAUUSD;sell;out;0.1;2 641,75;51872598147;0,00;0,00;0,00; 10,00;96 178,84;[tp 2641.75];
2024.12.03 07:55:57;51835934719;XAUUSD;sell;out;0.1;2 641,83;51872598153;0,00;0,00;0,00; 10,00;96 188,84;[tp 2641.83];
2024.12.03 07:56:03;51835935196;XAUUSD;buy;out;0.1;2 642,03;51872598599;0,00;0,00;0,00;- 10,00;96 178,84;[sl 2642.03];
2024.12.03 07:56:06;51835935422;XAUUSD;buy;out;0.1;2 642,12;51872598822;0,00;0,00;0,00;- 10,00;96 168,84;[sl 2642.12];
2024.12.03 07:56:18;51835936125;XAUUSD;sell;in;0.1;2 641,62;51872599543;0,00;0,00;0,00;0,00;96 168,84;python script op;
2024.12.03 07:56:51;51835938263;XAUUSD;sell;in;0.1;2 641,36;51872601671;0,00;0,00;0,00;0,00;96 168,84;python script op;
2024.12.03 07:57:14;51835939489;XAUUSD;sell;out;0.1;2 640,75;51872602878;0,00;0,00;0,00;- 10,00;96 158,84;[sl 2640.75];
2024.12.03 07:57:15;51835939558;XAUUSD;sell;in;0.1;2 640,68;51872602947;0,00;0,00;0,00;0,00;96 158,84;python script op;
2024.12.03 07:57:23;51835940123;XAUUSD;sell;in;0.1;2 640,84;51872603527;0,00;0,00;0,00;0,00;96 158,84;python script op;
2024.12.03 07:57:48;51835941381;XAUUSD;buy;in;0.1;2 641,11;51872604792;0,00;0,00;0,00;0,00;96 158,84;python script op;
2024.12.03 07:58:20;51835942562;XAUUSD;buy;in;0.1;2 641,45;51872605998;0,00;0,00;0,00;0,00;96 158,84;python script op;
2024.12.03 08:00:05;51835946467;XAUUSD;buy;in;0.1;2 641,59;51872609963;0,00;0,00;0,00;0,00;96 158,84;python script op;
2024.12.03 08:00:08;51835946598;XAUUSD;buy;out;0.1;2 641,68;51872610115;0,00;0,00;0,00;- 10,00;96 148,84;[sl 2641.68];
2024.12.03 08:00:20;51835947219;XAUUSD;buy;out;0.1;2 641,84;51872610738;0,00;0,00;0,00;- 10,00;96 138,84;[sl 2641.84];
2024.12.03 08:00:29;51835947726;XAUUSD;buy;in;0.1;2 641,81;51872611246;0,00;0,00;0,00;0,00;96 138,84;python script op;
2024.12.03 08:01:02;51835949559;XAUUSD;buy;in;0.1;2 642,07;51872613097;0,00;0,00;0,00;0,00;96 138,84;python script op;
2024.12.03 08:01:08;51835950007;XAUUSD;sell;out;0.1;2 642,11;51872613556;0,00;0,00;0,00; 10,00;96 148,84;[tp 2642.11];
2024.12.03 08:01:11;51835950225;XAUUSD;sell;out;0.1;2 642,19;51872613791;0,00;0,00;0,00; 10,00;96 158,84;[tp 2642.19];
2024.12.03 08:01:38;51835952066;XAUUSD;buy;out;0.1;2 642,36;51872615629;0,00;0,00;0,00;- 10,00;96 148,84;[sl 2642.36];
2024.12.03 08:01:50;51835952858;XAUUSD;sell;in;0.1;2 642,07;51872616422;0,00;0,00;0,00;0,00;96 148,84;python script op;
2024.12.03 08:01:59;51835953359;XAUUSD;buy;in;0.1;2 642,37;51872616925;0,00;0,00;0,00;0,00;96 148,84;python script op;
2024.12.03 08:02:01;51835953483;XAUUSD;sell;out;0.1;2 642,29;51872617069;0,00;0,00;0,00; 10,00;96 158,84;[tp 2642.29];
2024.12.03 08:02:07;51835953788;XAUUSD;buy;out;0.1;2 642,62;51872617327;0,00;0,00;0,00;- 10,00;96 148,84;[sl 2642.62];
2024.12.03 08:02:07;51835953817;XAUUSD;sell;out;0.1;2 642,47;51872617354;0,00;0,00;0,00; 10,00;96 158,84;[tp 2642.47];
2024.12.03 08:02:07;51835953824;XAUUSD;sell;out;0.1;2 642,45;51872617359;0,00;0,00;0,00; 10,00;96 168,84;[tp 2642.45];
2024.12.03 08:02:09;51835954017;XAUUSD;sell;out;0.1;2 642,59;51872617558;0,00;0,00;0,00; 10,00;96 178,84;[tp 2642.59];
2024.12.03 08:02:09;51835954094;XAUUSD;sell;out;0.1;2 642,60;51872617628;0,00;0,00;0,00; 10,00;96 188,84;[tp 2642.60];
2024.12.03 08:02:13;51835954493;XAUUSD;buy;out;0.1;2 643,07;51872617974;0,00;0,00;0,00;- 10,00;96 178,84;[sl 2643.07];
2024.12.03 08:02:13;51835954501;XAUUSD;sell;out;0.1;2 642,81;51872617984;0,00;0,00;0,00; 10,00;96 188,84;[tp 2642.81];
2024.12.03 08:02:15;51835955070;XAUUSD;buy;in;0.1;2 643,17;51872618498;0,00;0,00;0,00;0,00;96 188,84;python script op;
2024.12.03 08:02:25;51835956133;XAUUSD;sell;out;0.1;2 643,07;51872619563;0,00;0,00;0,00; 10,00;96 198,84;[tp 2643.07];
2024.12.03 08:04:12;51835962785;XAUUSD;sell;out;0.1;2 642,17;51872626310;0,00;0,00;0,00;- 10,00;96 188,84;[sl 2642.17];
2024.12.03 08:07:39;51835974288;XAUUSD;sell;out;0.1;2 643,37;51872637955;0,00;0,00;0,00; 10,00;96 198,84;[tp 2643.37];
2024.12.03 08:42:16;51836143592;XAUUSD;sell;in;0.1;2 647,24;51872809289;0,00;0,00;0,00;0,00;96 198,84;python script op;
2024.12.03 08:47:03;51836170555;XAUUSD;buy;out;0.1;2 646,24;51872837070;0,00;0,00;0,00; 10,00;96 208,84;[tp 2646.24];
2024.12.03 08:56:28;51836223211;XAUUSD;sell;in;0.1;2 646,79;51872891447;0,00;0,00;0,00;0,00;96 208,84;python script op;
2024.12.03 08:56:36;51836223937;XAUUSD;buy;in;0.1;2 646,83;51872892159;0,00;0,00;0,00;0,00;96 208,84;python script op;
2024.12.03 08:58:27;51836234862;XAUUSD;buy;in;0.1;2 646,65;51872903587;0,00;0,00;0,00;0,00;96 208,84;AI-enhanced trad;
2024.12.03 08:58:28;51836234916;XAUUSD;sell;out;0.1;2 646,45;51872903706;0,00;0,00;0,00;- 2,00;96 206,84;[sl 2646.45];
2024.12.03 08:58:33;51836235103;XAUUSD;buy;in;0.1;2 646,54;51872903996;0,00;0,00;0,00;0,00;96 206,84;AI-enhanced trad;
2024.12.03 08:58:35;51836235250;XAUUSD;sell;out;0.1;2 646,34;51872904092;0,00;0,00;0,00;- 2,00;96 204,84;[sl 2646.34];
2024.12.03 08:58:38;51836235511;XAUUSD;buy;in;0.1;2 646,60;51872904309;0,00;0,00;0,00;0,00;96 204,84;AI-enhanced trad;
2024.12.03 08:58:43;51836236033;XAUUSD;buy;in;0.1;2 646,72;51872904878;0,00;0,00;0,00;0,00;96 204,84;AI-enhanced trad;
2024.12.03 08:58:44;51836236078;XAUUSD;sell;out;0.1;2 646,52;51872905075;0,00;0,00;0,00;- 2,00;96 202,84;[sl 2646.52];
2024.12.03 08:58:48;51836236168;XAUUSD;buy;in;0.1;2 646,66;51872905165;0,00;0,00;0,00;0,00;96 202,84;AI-enhanced trad;
2024.12.03 08:58:54;51836236613;XAUUSD;buy;in;0.1;2 646,71;51872905473;0,00;0,00;0,00;0,00;96 202,84;AI-enhanced trad;
2024.12.03 08:58:58;51836237043;XAUUSD;sell;out;0.1;2 646,51;51872905909;0,00;0,00;0,00;- 2,00;96 200,84;[sl 2646.51];
2024.12.03 08:58:59;51836237054;XAUUSD;buy;in;0.1;2 646,71;51872905921;0,00;0,00;0,00;0,00;96 200,84;AI-enhanced trad;
2024.12.03 08:59:05;51836237549;XAUUSD;buy;in;0.1;2 646,70;51872906518;0,00;0,00;0,00;0,00;96 200,84;AI-enhanced trad;
2024.12.03 08:59:10;51836237700;XAUUSD;buy;in;0.1;2 646,69;51872906710;0,00;0,00;0,00;0,00;96 200,84;AI-enhanced trad;
2024.12.03 08:59:11;51836237747;XAUUSD;sell;out;0.1;2 646,49;51872906759;0,00;0,00;0,00;- 2,00;96 198,84;[sl 2646.49];
2024.12.03 08:59:12;51836237835;XAUUSD;sell;out;0.1;2 646,42;51872906887;0,00;0,00;0,00;- 2,40;96 196,44;[sl 2646.42];
2024.12.03 08:59:12;51836237836;XAUUSD;sell;out;0.1;2 646,46;51872906888;0,00;0,00;0,00;- 2,50;96 193,94;[sl 2646.46];
2024.12.03 08:59:12;51836237838;XAUUSD;sell;out;0.1;2 646,42;51872906889;0,00;0,00;0,00;- 2,80;96 191,14;[sl 2646.42];
2024.12.03 08:59:12;51836237855;XAUUSD;sell;out;0.1;2 646,40;51872906905;0,00;0,00;0,00;- 2,00;96 189,14;[sl 2646.40];
2024.12.03 08:59:15;51836238048;XAUUSD;buy;in;0.1;2 646,58;51872907049;0,00;0,00;0,00;0,00;96 189,14;AI-enhanced trad;
2024.12.03 08:59:21;51836238476;XAUUSD;buy;in;0.1;2 646,64;51872907485;0,00;0,00;0,00;0,00;96 189,14;AI-enhanced trad;
2024.12.03 08:59:26;51836238838;XAUUSD;buy;in;0.1;2 646,69;51872907860;0,00;0,00;0,00;0,00;96 189,14;AI-enhanced trad;
2024.12.03 08:59:31;51836238953;XAUUSD;buy;in;0.1;2 646,82;51872907979;0,00;0,00;0,00;0,00;96 189,14;AI-enhanced trad;
2024.12.03 08:59:31;51836238967;XAUUSD;sell;out;0.1;2 646,62;51872907993;0,00;0,00;0,00;- 2,00;96 187,14;[sl 2646.62];
2024.12.03 09:00:06;51836242049;XAUUSD;sell;out;0.1;2 646,44;51872911286;0,00;0,00;0,00;- 2,00;96 185,14;[sl 2646.44];
2024.12.03 09:00:06;51836242050;XAUUSD;sell;out;0.1;2 646,49;51872911287;0,00;0,00;0,00;- 2,00;96 183,14;[sl 2646.49];
2024.12.03 09:00:12;51836242785;XAUUSD;buy;in;0.1;2 646,55;51872911977;0,00;0,00;0,00;0,00;96 183,14;AI-enhanced trad;
2024.12.03 09:00:17;51836243219;XAUUSD;sell;out;0.1;2 646,38;51872912461;0,00;0,00;0,00;- 2,00;96 181,14;[sl 2646.38];
2024.12.03 09:00:17;51836243239;XAUUSD;buy;in;0.1;2 646,53;51872912482;0,00;0,00;0,00;0,00;96 181,14;AI-enhanced trad;
2024.12.03 09:00:28;51836244662;XAUUSD;buy;in;0.1;2 646,70;51872914009;0,00;0,00;0,00;0,00;96 181,14;AI-enhanced trad;
2024.12.03 09:00:29;51836244724;XAUUSD;sell;out;0.1;2 646,50;51872914071;0,00;0,00;0,00;- 2,00;96 179,14;[sl 2646.50];
2024.12.03 09:00:29;51836244751;XAUUSD;sell;out;0.1;2 646,35;51872914098;0,00;0,00;0,00;- 2,00;96 177,14;[sl 2646.35];
2024.12.03 09:00:29;51836244753;XAUUSD;sell;out;0.1;2 646,33;51872914099;0,00;0,00;0,00;- 2,00;96 175,14;[sl 2646.33];
2024.12.03 09:00:38;51836245551;XAUUSD;buy;in;0.1;2 646,50;51872914802;0,00;0,00;0,00;0,00;96 175,14;AI-enhanced trad;
2024.12.03 09:00:43;51836246250;XAUUSD;buy;in;0.1;2 646,47;51872915569;0,00;0,00;0,00;0,00;96 175,14;AI-enhanced trad;
2024.12.03 09:00:46;51836246469;XAUUSD;sell;out;0.1;2 646,30;51872915850;0,00;0,00;0,00;- 2,00;96 173,14;[sl 2646.30];
2024.12.03 09:00:49;51836246702;XAUUSD;buy;in;0.1;2 646,48;51872916098;0,00;0,00;0,00;0,00;96 173,14;AI-enhanced trad;
2024.12.03 09:00:59;51836247637;XAUUSD;buy;in;0.1;2 646,51;51872917060;0,00;0,00;0,00;0,00;96 173,14;AI-enhanced trad;
2024.12.03 09:01:00;51836247862;XAUUSD;sell;out;0.1;2 646,27;51872917219;0,00;0,00;0,00;- 2,00;96 171,14;[sl 2646.27];
2024.12.03 09:01:00;51836247864;XAUUSD;sell;out;0.1;2 646,28;51872917220;0,00;0,00;0,00;- 2,00;96 169,14;[sl 2646.28];
2024.12.03 09:01:00;51836247869;XAUUSD;sell;out;0.1;2 646,31;51872917221;0,00;0,00;0,00;- 2,00;96 167,14;[sl 2646.31];
2024.12.03 09:01:09;51836248644;XAUUSD;buy;in;0.1;2 646,30;51872918079;0,00;0,00;0,00;0,00;96 167,14;AI-enhanced trad;
2024.12.03 09:01:11;51836248857;XAUUSD;sell;out;0.1;2 646,10;51872918312;0,00;0,00;0,00;- 2,00;96 165,14;[sl 2646.10];
2024.12.03 09:01:13;51836249116;XAUUSD;sell;out;0.1;2 645,83;51872918600;0,00;0,00;0,00;- 10,00;96 155,14;[sl 2645.83];
2024.12.03 09:01:15;51836249412;XAUUSD;buy;in;0.1;2 646,01;51872918858;0,00;0,00;0,00;0,00;96 155,14;AI-enhanced trad;
2024.12.03 09:01:20;51836250211;XAUUSD;buy;in;0.1;2 646,25;51872919667;0,00;0,00;0,00;0,00;96 155,14;AI-enhanced trad;
2024.12.03 09:01:25;51836250588;XAUUSD;buy;in;0.1;2 646,28;51872920123;0,00;0,00;0,00;0,00;96 155,14;AI-enhanced trad;
2024.12.03 09:01:27;51836250963;XAUUSD;sell;out;0.1;2 646,05;51872920430;0,00;0,00;0,00;- 2,00;96 153,14;[sl 2646.05];
2024.12.03 09:01:27;51836250964;XAUUSD;sell;out;0.1;2 646,08;51872920431;0,00;0,00;0,00;- 2,00;96 151,14;[sl 2646.08];
2024.12.03 09:01:31;51836251148;XAUUSD;buy;in;0.1;2 646,33;51872920617;0,00;0,00;0,00;0,00;96 151,14;AI-enhanced trad;
2024.12.03 09:01:35;51836251488;XAUUSD;sell;out;0.1;2 646,41;51872920969;0,00;0,00;0,00; 4,00;96 155,14;[tp 2646.41];
2024.12.03 09:01:36;51836251587;XAUUSD;buy;in;0.1;2 646,59;51872921069;0,00;0,00;0,00;0,00;96 155,14;AI-enhanced trad;
2024.12.03 09:01:41;51836252079;XAUUSD;buy;in;0.1;2 646,67;51872921718;0,00;0,00;0,00;0,00;96 155,14;AI-enhanced trad;
2024.12.03 09:01:44;51836252439;XAUUSD;sell;out;0.1;2 646,47;51872921958;0,00;0,00;0,00;- 2,00;96 153,14;[sl 2646.47];
2024.12.03 09:01:46;51836252599;XAUUSD;buy;in;0.1;2 646,57;51872922124;0,00;0,00;0,00;0,00;96 153,14;AI-enhanced trad;
2024.12.03 09:01:51;51836253075;XAUUSD;buy;in;0.1;2 646,58;51872922627;0,00;0,00;0,00;0,00;96 153,14;AI-enhanced trad;
2024.12.03 09:02:34;51836256695;XAUUSD;sell;out;0.1;2 646,39;51872926387;0,00;0,00;0,00;- 2,00;96 151,14;[sl 2646.39];
2024.12.03 09:02:34;51836256696;XAUUSD;sell;out;0.1;2 646,37;51872926388;0,00;0,00;0,00;- 2,00;96 149,14;[sl 2646.37];
2024.12.03 09:02:34;51836256697;XAUUSD;sell;out;0.1;2 646,38;51872926389;0,00;0,00;0,00;- 2,00;96 147,14;[sl 2646.38];
2024.12.03 09:03:47;51836262280;XAUUSD;sell;out;0.1;2 646,73;51872932314;0,00;0,00;0,00; 4,00;96 151,14;[tp 2646.73];
2024.12.03 09:08:49;51836285827;XAUUSD;buy;out;0.1;2 645,79;51872956684;0,00;0,00;0,00; 10,00;96 161,14;[tp 2645.79];
2024.12.03 09:31:36;51836403817;XAUUSD;buy;in;0.1;2 646,22;51873079668;0,00;0,00;0,00;0,00;96 161,14;AI-enhanced trad;
2024.12.03 09:31:56;51836405450;XAUUSD;buy;in;0.1;2 646,47;51873081269;0,00;0,00;0,00;0,00;96 161,14;AI-enhanced trad;
2024.12.03 09:32:10;51836406804;XAUUSD;sell;out;0.1;2 646,27;51873082658;0,00;0,00;0,00;- 2,00;96 159,14;[sl 2646.27];
2024.12.03 09:32:11;51836406872;XAUUSD;buy;in;0.1;2 646,43;51873082728;0,00;0,00;0,00;0,00;96 159,14;AI-enhanced trad;
2024.12.03 09:32:11;51836406880;XAUUSD;sell;out;0.1;2 646,23;51873082734;0,00;0,00;0,00;- 2,00;96 157,14;[sl 2646.23];
2024.12.03 09:32:47;51836410231;XAUUSD;sell;out;0.1;2 646,02;51873086181;0,00;0,00;0,00;- 2,00;96 155,14;[sl 2646.02];
;;;;;;;;0,00;0,00;0,00;- 133,70;96 155,14;;
Balance:;;;96 155,14;;;Free Margin:;;;96 155,14;;;;;
Credit Facility:;;;0,00;;;Margin:;;;0,00;;;;;
Floating P/L:;;;0,00;;;Margin Level:;;;0,00%;;;;;
Equity:;;;96 155,14;;;;;;;;;;;
;;;;;;;;;;;;;;
;;;;;;;;;;;;;;
;;;;;;;;;;;;;;
;;;;;;;;;;;;;;
;;;;;;;;;;;;;;
;;;;;;;;;;;;;;
;;;;;;;;;;;;;;
;;;;;;;;;;;;;;
;;;;;;;;;;;;;;
;;;;;;;;;;;;;;
;;;;;;;;;;;;;;
;;;;;;;;;;;;;;
;;;;;;;;;;;;;;
;;;;;;;;;;;;;;
;;;;;;;;;;;;;;
;;;;;;;;;;;;;;
;;;;;;;;;;;;;;
;;;;;;;;;;;;;;
;;;;;;;;;;;;;;
;;;;;;;;;;;;;;
Results;;;;;;;;;;;;;;
Total Net Profit:;;;- 133,70;Gross Profit:;;; 228,00;Gross Loss:;;;- 361,70;;;
Profit Factor:;;; 0,63;Expected Payoff:;;;- 1,59;;;;;;;
Recovery Factor:;;;- 0,89;Sharpe Ratio:;;;- 0,20;;;;;;;
Balance Drawdown:;;;;;;;;;;;;;;
Balance Drawdown Absolute:;;; 150,00;Balance Drawdown Maximal:;;;150.00 (0.16%);Balance Drawdown Relative:;;;0.16% (150.00);;;
Total Trades:;;; 84;Short Trades (won %):;;;25 (12.00%);Long Trades (won %):;;;59 (35.59%);;;
;;;;Profit Trades (% of total):;;;24 (28.57%);Loss Trades (% of total):;;;60 (71.43%);;;
;;;;Largest profit trade:;;; 10,00;Largest loss trade:;;;- 10,00;;;
;;;;Average profit trade:;;; 9,50;Average loss trade:;;;- 6,03;;;
;;;;Maximum consecutive wins ($):;;;4 (40.00);Maximum consecutive losses ($):;;;24 (-57.70);;;
;;;;Maximal consecutive profit (count):;;;40.00 (4);Maximal consecutive loss (count):;;;-100.00 (10);;;
;;;;Average consecutive wins:;;; 2;Average consecutive losses:;;; 4;;;
